Id,Name
1,Vendor Selection Consulting
2,Loan Portfolio Analysis Software
3,Core Processor
6,Mobile - Native Application
7,Mobile - Integrated RDC
8,P2P Payments
9,Internet Home Banking
10,Credit Card Processor
11,Debit PIN
12,Credit Card Brand
13,Mortgage Subservicer
14,In-Branch LOS - Consumer
15,Online LOS - Personal
16,Indirect Lending LOS
17,e-Signature Provider
18,e-Statements
19,Lending Call Center
20,Vendor Management
21,ALM Software
24,Mobile - Browser Solution
25,Standalone Mobile RDC App
26,PFM
27,Credit Card Portfolio Manager
28,Debit Signature
29,Debit Card Brand
30,In-Branch Mortgage OS - 1st
31,Online Mortgage OS - 1st
32,Primary Indirect Dealer Portal - Vehicle
33,Bill Pay
34,Online Account Opening
35,Auditor
36,In-Branch Mortgage OS - HELOC
41,MBL OS
42,Field of Membership Amendments
43,Online LOS - Payday
44,Customer Relationship Management (CRM)
45,In-Branch Account Opening
46,Online Mortgage OS - HELOC
47,Shared Services
48,Data Warehouse & Analytics
49,Loan Participation Management Module
50,Loan Participation Marketplace
51,Member Identity Verification
52,Online LOS - Student Loans
53,ATM Hardware
54,MICR Check Printers (Hardware)
55,Credit Card Rewards Programs
56,Online Banking - Business
57,Online Switch Kit
58,Check Providers
59,ATM Networks
60,Direct Auto Buying Platform
61,Third Party Retirement Plans - IRA
62,Shared Branching
70,Online LOS - Business
72,Fraud
